{
  "updateBooking" : {
    "transaction" : "updateBooking",
    "sampleCount" : 600,
    "errorCount" : 5,
    "errorPct" : 0.8333333,
    "meanResTime" : 350.5750000000003,
    "medianResTime" : 322.0,
    "minResTime" : 298.0,
    "maxResTime" : 2798.0,
    "pct1ResTime" : 358.0,
    "pct2ResTime" : 391.7999999999997,
    "pct3ResTime" : 1482.7300000000002,
    "throughput" : 23.43200812309615,
    "receivedKBytesPerSec" : 21.101736104331014,
    "sentKBytesPerSec" : 11.507427153303912
  },
  "auth" : {
    "transaction" : "auth",
    "sampleCount" : 600,
    "errorCount" : 5,
    "errorPct" : 0.8333333,
    "meanResTime" : 5730.8266666666705,
    "medianResTime" : 5246.5,
    "minResTime" : 1408.0,
    "maxResTime" : 25909.0,
    "pct1ResTime" : 9731.5,
    "pct2ResTime" : 10886.199999999999,
    "pct3ResTime" : 16563.9,
    "throughput" : 22.159846358398582,
    "receivedKBytesPerSec" : 17.273318910197222,
    "sentKBytesPerSec" : 5.365034417011375
  },
  "Total" : {
    "transaction" : "Total",
    "sampleCount" : 3600,
    "errorCount" : 15,
    "errorPct" : 0.41666666,
    "meanResTime" : 1248.3686111111092,
    "medianResTime" : 325.0,
    "minResTime" : 296.0,
    "maxResTime" : 25909.0,
    "pct1ResTime" : 4337.9,
    "pct2ResTime" : 6942.5999999999985,
    "pct3ResTime" : 10648.639999999992,
    "throughput" : 125.29147669926566,
    "receivedKBytesPerSec" : 111.003272587269,
    "sentKBytesPerSec" : 38.577838417499045
  },
  "getBooking" : {
    "transaction" : "getBooking",
    "sampleCount" : 1200,
    "errorCount" : 0,
    "errorPct" : 0.0,
    "meanResTime" : 344.200833333333,
    "medianResTime" : 320.0,
    "minResTime" : 296.0,
    "maxResTime" : 3339.0,
    "pct1ResTime" : 355.0,
    "pct2ResTime" : 375.95000000000005,
    "pct3ResTime" : 1384.5400000000004,
    "throughput" : 45.18412531064086,
    "receivedKBytesPerSec" : 40.77532693774004,
    "sentKBytesPerSec" : 7.36933668762708
  },
  "updateBookingByPatch" : {
    "transaction" : "updateBookingByPatch",
    "sampleCount" : 600,
    "errorCount" : 5,
    "errorPct" : 0.8333333,
    "meanResTime" : 340.55166666666685,
    "medianResTime" : 321.0,
    "minResTime" : 296.0,
    "maxResTime" : 1562.0,
    "pct1ResTime" : 359.0,
    "pct2ResTime" : 381.94999999999993,
    "pct3ResTime" : 1411.1700000000026,
    "throughput" : 23.4375,
    "receivedKBytesPerSec" : 21.15131378173828,
    "sentKBytesPerSec" : 7.756462097167969
  },
  "createBooking" : {
    "transaction" : "createBooking",
    "sampleCount" : 600,
    "errorCount" : 0,
    "errorPct" : 0.0,
    "meanResTime" : 379.8566666666667,
    "medianResTime" : 319.0,
    "minResTime" : 296.0,
    "maxResTime" : 5224.0,
    "pct1ResTime" : 354.0,
    "pct2ResTime" : 384.94999999999993,
    "pct3ResTime" : 1665.88,
    "throughput" : 23.50268322300129,
    "receivedKBytesPerSec" : 21.82023691194328,
    "sentKBytesPerSec" : 10.742837802107408
  }
}