{
  "updateBooking" : {
    "transaction" : "updateBooking",
    "sampleCount" : 1000,
    "errorCount" : 13,
    "errorPct" : 1.3,
    "meanResTime" : 1904.113999999999,
    "medianResTime" : 2364.5,
    "minResTime" : 304.0,
    "maxResTime" : 6134.0,
    "pct1ResTime" : 3246.7,
    "pct2ResTime" : 3368.7,
    "pct3ResTime" : 3917.86,
    "throughput" : 12.502344189535538,
    "receivedKBytesPerSec" : 11.27212084687754,
    "sentKBytesPerSec" : 6.1511167132899915
  },
  "auth" : {
    "transaction" : "auth",
    "sampleCount" : 1000,
    "errorCount" : 13,
    "errorPct" : 1.3,
    "meanResTime" : 13902.36900000001,
    "medianResTime" : 12874.0,
    "minResTime" : 1500.0,
    "maxResTime" : 76206.0,
    "pct1ResTime" : 22732.6,
    "pct2ResTime" : 27211.399999999998,
    "pct3ResTime" : 42335.03,
    "throughput" : 12.35834249910402,
    "receivedKBytesPerSec" : 9.78714348112881,
    "sentKBytesPerSec" : 2.9779502066932784
  },
  "Total" : {
    "transaction" : "Total",
    "sampleCount" : 6000,
    "errorCount" : 39,
    "errorPct" : 0.65,
    "meanResTime" : 3495.672500000009,
    "medianResTime" : 1630.5,
    "minResTime" : 289.0,
    "maxResTime" : 76206.0,
    "pct1ResTime" : 10963.700000000008,
    "pct2ResTime" : 16886.549999999996,
    "pct3ResTime" : 26712.859999999997,
    "throughput" : 72.00288011520462,
    "receivedKBytesPerSec" : 64.01368945382815,
    "sentKBytesPerSec" : 22.201122419896798
  },
  "getBooking" : {
    "transaction" : "getBooking",
    "sampleCount" : 2000,
    "errorCount" : 0,
    "errorPct" : 0.0,
    "meanResTime" : 1104.5659999999987,
    "medianResTime" : 964.5,
    "minResTime" : 289.0,
    "maxResTime" : 5278.0,
    "pct1ResTime" : 1881.0,
    "pct2ResTime" : 1955.0,
    "pct3ResTime" : 2847.51,
    "throughput" : 24.709661477637756,
    "receivedKBytesPerSec" : 22.330656775080307,
    "sentKBytesPerSec" : 4.053928836174944
  },
  "updateBookingByPatch" : {
    "transaction" : "updateBookingByPatch",
    "sampleCount" : 1000,
    "errorCount" : 13,
    "errorPct" : 1.3,
    "meanResTime" : 1876.6969999999992,
    "medianResTime" : 1954.5,
    "minResTime" : 293.0,
    "maxResTime" : 6900.0,
    "pct1ResTime" : 3280.0,
    "pct2ResTime" : 3407.6499999999996,
    "pct3ResTime" : 3999.83,
    "throughput" : 12.502969455245621,
    "receivedKBytesPerSec" : 11.287360924000701,
    "sentKBytesPerSec" : 4.148995640370838
  },
  "createBooking" : {
    "transaction" : "createBooking",
    "sampleCount" : 1000,
    "errorCount" : 0,
    "errorPct" : 0.0,
    "meanResTime" : 1081.7230000000009,
    "medianResTime" : 942.0,
    "minResTime" : 299.0,
    "maxResTime" : 5432.0,
    "pct1ResTime" : 1862.9,
    "pct2ResTime" : 2015.9499999999998,
    "pct3ResTime" : 3617.2000000000007,
    "throughput" : 12.508443199159434,
    "receivedKBytesPerSec" : 11.639057535711606,
    "sentKBytesPerSec" : 5.717482347459535
  }
}