{
  "updateBooking" : {
    "transaction" : "updateBooking",
    "sampleCount" : 2000,
    "errorCount" : 69,
    "errorPct" : 3.45,
    "meanResTime" : 408.9099999999996,
    "medianResTime" : 313.0,
    "minResTime" : 0.0,
    "maxResTime" : 23029.0,
    "pct1ResTime" : 392.8000000000002,
    "pct2ResTime" : 596.0,
    "pct3ResTime" : 1916.7700000000002,
    "throughput" : 10.5631757131464,
    "receivedKBytesPerSec" : 9.6481664059983,
    "sentKBytesPerSec" : 5.130670609812134
  },
  "auth" : {
    "transaction" : "auth",
    "sampleCount" : 2000,
    "errorCount" : 69,
    "errorPct" : 3.45,
    "meanResTime" : 34171.56550000002,
    "medianResTime" : 32363.5,
    "minResTime" : 1838.0,
    "maxResTime" : 185371.0,
    "pct1ResTime" : 56863.0,
    "pct2ResTime" : 66792.95,
    "pct3ResTime" : 104130.86,
    "throughput" : 10.488501979704749,
    "receivedKBytesPerSec" : 8.922017578073786,
    "sentKBytesPerSec" : 2.4723263333508143
  },
  "Total" : {
    "transaction" : "Total",
    "sampleCount" : 12000,
    "errorCount" : 282,
    "errorPct" : 2.35,
    "meanResTime" : 6053.256416666665,
    "medianResTime" : 319.0,
    "minResTime" : 0.0,
    "maxResTime" : 185371.0,
    "pct1ResTime" : 27497.69999999999,
    "pct2ResTime" : 41768.0,
    "pct3ResTime" : 63669.959999999955,
    "throughput" : 62.123377026775174,
    "receivedKBytesPerSec" : 56.52575135312481,
    "sentKBytesPerSec" : 18.88960166296515
  },
  "getBooking" : {
    "transaction" : "getBooking",
    "sampleCount" : 4000,
    "errorCount" : 50,
    "errorPct" : 1.25,
    "meanResTime" : 375.6534999999997,
    "medianResTime" : 308.0,
    "minResTime" : 0.0,
    "maxResTime" : 12058.0,
    "pct1ResTime" : 364.0,
    "pct2ResTime" : 580.0,
    "pct3ResTime" : 1825.9599999999991,
    "throughput" : 21.017675865402804,
    "receivedKBytesPerSec" : 19.282173094682,
    "sentKBytesPerSec" : 3.405109791084302
  },
  "updateBookingByPatch" : {
    "transaction" : "updateBookingByPatch",
    "sampleCount" : 2000,
    "errorCount" : 69,
    "errorPct" : 3.45,
    "meanResTime" : 384.2849999999998,
    "medianResTime" : 313.0,
    "minResTime" : 0.0,
    "maxResTime" : 10451.0,
    "pct1ResTime" : 390.9000000000001,
    "pct2ResTime" : 603.0,
    "pct3ResTime" : 1745.8100000000002,
    "throughput" : 10.556930889051936,
    "receivedKBytesPerSec" : 9.66313307770165,
    "sentKBytesPerSec" : 3.458013436333789
  },
  "createBooking" : {
    "transaction" : "createBooking",
    "sampleCount" : 2000,
    "errorCount" : 25,
    "errorPct" : 1.25,
    "meanResTime" : 603.4709999999995,
    "medianResTime" : 309.0,
    "minResTime" : 0.0,
    "maxResTime" : 30750.0,
    "pct1ResTime" : 971.0,
    "pct2ResTime" : 1398.449999999998,
    "pct3ResTime" : 7225.400000000003,
    "throughput" : 10.566300896550631,
    "receivedKBytesPerSec" : 9.986810491082041,
    "sentKBytesPerSec" : 4.769446616406295
  }
}