{
  "updateBooking" : {
    "transaction" : "updateBooking",
    "sampleCount" : 2000,
    "errorCount" : 70,
    "errorPct" : 3.5,
    "meanResTime" : 463.1035000000002,
    "medianResTime" : 331.0,
    "minResTime" : 268.0,
    "maxResTime" : 41100.0,
    "pct1ResTime" : 572.9000000000001,
    "pct2ResTime" : 1218.8999999999996,
    "pct3ResTime" : 2157.140000000001,
    "throughput" : 10.227092590982773,
    "receivedKBytesPerSec" : 9.156553696710455,
    "sentKBytesPerSec" : 5.02832884672912
  },
  "auth" : {
    "transaction" : "auth",
    "sampleCount" : 2000,
    "errorCount" : 61,
    "errorPct" : 3.05,
    "meanResTime" : 34373.49599999999,
    "medianResTime" : 32452.5,
    "minResTime" : 1392.0,
    "maxResTime" : 188661.0,
    "pct1ResTime" : 57539.100000000006,
    "pct2ResTime" : 71669.05,
    "pct3ResTime" : 107950.88,
    "throughput" : 10.1728882355634,
    "receivedKBytesPerSec" : 8.559675791641446,
    "sentKBytesPerSec" : 2.407865025483085
  },
  "Total" : {
    "transaction" : "Total",
    "sampleCount" : 12000,
    "errorCount" : 216,
    "errorPct" : 1.8,
    "meanResTime" : 6126.64991666668,
    "medianResTime" : 339.0,
    "minResTime" : 263.0,
    "maxResTime" : 188661.0,
    "pct1ResTime" : 26991.69999999999,
    "pct2ResTime" : 41342.34999999992,
    "pct3ResTime" : 66693.27999999998,
    "throughput" : 60.308477864275766,
    "receivedKBytesPerSec" : 53.92062823215748,
    "sentKBytesPerSec" : 18.544267993285654
  },
  "getBooking" : {
    "transaction" : "getBooking",
    "sampleCount" : 4000,
    "errorCount" : 12,
    "errorPct" : 0.3,
    "meanResTime" : 419.9472499999987,
    "medianResTime" : 315.0,
    "minResTime" : 263.0,
    "maxResTime" : 10954.0,
    "pct1ResTime" : 442.7000000000003,
    "pct2ResTime" : 1033.749999999999,
    "pct3ResTime" : 2298.9299999999985,
    "throughput" : 20.36006779902577,
    "receivedKBytesPerSec" : 18.346280136081603,
    "sentKBytesPerSec" : 3.3388324073744164
  },
  "updateBookingByPatch" : {
    "transaction" : "updateBookingByPatch",
    "sampleCount" : 2000,
    "errorCount" : 73,
    "errorPct" : 3.65,
    "meanResTime" : 431.1534999999994,
    "medianResTime" : 331.0,
    "minResTime" : 269.0,
    "maxResTime" : 21096.0,
    "pct1ResTime" : 469.9000000000001,
    "pct2ResTime" : 1067.3499999999976,
    "pct3ResTime" : 1888.93,
    "throughput" : 10.224948875255624,
    "receivedKBytesPerSec" : 9.170985309624234,
    "sentKBytesPerSec" : 3.389685383116053
  },
  "createBooking" : {
    "transaction" : "createBooking",
    "sampleCount" : 2000,
    "errorCount" : 0,
    "errorPct" : 0.0,
    "meanResTime" : 652.2519999999993,
    "medianResTime" : 323.0,
    "minResTime" : 264.0,
    "maxResTime" : 38660.0,
    "pct1ResTime" : 1039.4000000000005,
    "pct2ResTime" : 1577.0999999999967,
    "pct3ResTime" : 7550.34,
    "throughput" : 10.23049300745803,
    "receivedKBytesPerSec" : 9.500381485493161,
    "sentKBytesPerSec" : 4.676254450264458
  }
}