{
  "updateBooking" : {
    "transaction" : "updateBooking",
    "sampleCount" : 1500,
    "errorCount" : 16,
    "errorPct" : 1.0666667,
    "meanResTime" : 453.66933333333327,
    "medianResTime" : 325.0,
    "minResTime" : 270.0,
    "maxResTime" : 6714.0,
    "pct1ResTime" : 404.0,
    "pct2ResTime" : 1500.5500000000004,
    "pct3ResTime" : 3313.790000000001,
    "throughput" : 8.675183769309513,
    "receivedKBytesPerSec" : 7.817334607621437,
    "sentKBytesPerSec" : 4.264976755929488
  },
  "auth" : {
    "transaction" : "auth",
    "sampleCount" : 1500,
    "errorCount" : 16,
    "errorPct" : 1.0666667,
    "meanResTime" : 23072.578666666635,
    "medianResTime" : 20981.5,
    "minResTime" : 1772.0,
    "maxResTime" : 172921.0,
    "pct1ResTime" : 38271.3,
    "pct2ResTime" : 51841.00000000002,
    "pct3ResTime" : 69711.51,
    "throughput" : 8.634932330913633,
    "receivedKBytesPerSec" : 6.800166618215102,
    "sentKBytesPerSec" : 2.085650973156874
  },
  "Total" : {
    "transaction" : "Total",
    "sampleCount" : 9000,
    "errorCount" : 48,
    "errorPct" : 0.53333336,
    "meanResTime" : 4240.398333333328,
    "medianResTime" : 341.0,
    "minResTime" : 268.0,
    "maxResTime" : 172921.0,
    "pct1ResTime" : 18882.600000000002,
    "pct2ResTime" : 27499.749999999993,
    "pct3ResTime" : 50456.81999999995,
    "throughput" : 51.131715298609215,
    "receivedKBytesPerSec" : 45.40703264369433,
    "sentKBytesPerSec" : 15.75732328666144
  },
  "getBooking" : {
    "transaction" : "getBooking",
    "sampleCount" : 3000,
    "errorCount" : 0,
    "errorPct" : 0.0,
    "meanResTime" : 455.4816666666656,
    "medianResTime" : 317.0,
    "minResTime" : 268.0,
    "maxResTime" : 34317.0,
    "pct1ResTime" : 404.0,
    "pct2ResTime" : 1398.0499999999965,
    "pct3ResTime" : 2938.5499999999683,
    "throughput" : 17.256850969835025,
    "receivedKBytesPerSec" : 15.589138106578313,
    "sentKBytesPerSec" : 2.824270161035181
  },
  "updateBookingByPatch" : {
    "transaction" : "updateBookingByPatch",
    "sampleCount" : 1500,
    "errorCount" : 16,
    "errorPct" : 1.0666667,
    "meanResTime" : 457.0186666666673,
    "medianResTime" : 321.0,
    "minResTime" : 272.0,
    "maxResTime" : 8464.0,
    "pct1ResTime" : 568.7000000000003,
    "pct2ResTime" : 1568.5000000000005,
    "pct3ResTime" : 2628.0,
    "throughput" : 8.673177331783727,
    "receivedKBytesPerSec" : 7.832285685788132,
    "sentKBytesPerSec" : 2.8749267748934644
  },
  "createBooking" : {
    "transaction" : "createBooking",
    "sampleCount" : 1500,
    "errorCount" : 0,
    "errorPct" : 0.0,
    "meanResTime" : 548.1600000000005,
    "medianResTime" : 325.5,
    "minResTime" : 270.0,
    "maxResTime" : 28603.0,
    "pct1ResTime" : 596.9000000000001,
    "pct2ResTime" : 1583.1000000000008,
    "pct3ResTime" : 4521.910000000001,
    "throughput" : 8.681912104321857,
    "receivedKBytesPerSec" : 8.072827360539552,
    "sentKBytesPerSec" : 3.9682103649007656
  }
}