{
  "updateBooking" : {
    "transaction" : "updateBooking",
    "sampleCount" : 400,
    "errorCount" : 0,
    "errorPct" : 0.0,
    "meanResTime" : 423.9425000000002,
    "medianResTime" : 369.0,
    "minResTime" : 304.0,
    "maxResTime" : 1441.0,
    "pct1ResTime" : 528.7,
    "pct2ResTime" : 756.0499999999995,
    "pct3ResTime" : 1285.8600000000001,
    "throughput" : 34.809851187886174,
    "receivedKBytesPerSec" : 31.308469671917152,
    "sentKBytesPerSec" : 17.132973631537727
  },
  "auth" : {
    "transaction" : "auth",
    "sampleCount" : 400,
    "errorCount" : 0,
    "errorPct" : 0.0,
    "meanResTime" : 1967.3449999999993,
    "medianResTime" : 1567.5,
    "minResTime" : 1253.0,
    "maxResTime" : 6428.0,
    "pct1ResTime" : 3137.4000000000024,
    "pct2ResTime" : 3737.3999999999996,
    "pct3ResTime" : 5027.970000000002,
    "throughput" : 31.121139033688635,
    "receivedKBytesPerSec" : 23.54903767602894,
    "sentKBytesPerSec" : 7.597934334396639
  },
  "Total" : {
    "transaction" : "Total",
    "sampleCount" : 2400,
    "errorCount" : 0,
    "errorPct" : 0.0,
    "meanResTime" : 666.039583333334,
    "medianResTime" : 374.0,
    "minResTime" : 297.0,
    "maxResTime" : 6428.0,
    "pct1ResTime" : 1509.9,
    "pct2ResTime" : 2272.2999999999975,
    "pct3ResTime" : 3472.639999999992,
    "throughput" : 165.06189821182943,
    "receivedKBytesPerSec" : 145.37617133768913,
    "sentKBytesPerSec" : 50.992413170563964
  },
  "getBooking" : {
    "transaction" : "getBooking",
    "sampleCount" : 800,
    "errorCount" : 0,
    "errorPct" : 0.0,
    "meanResTime" : 380.52999999999975,
    "medianResTime" : 352.0,
    "minResTime" : 300.0,
    "maxResTime" : 1362.0,
    "pct1ResTime" : 436.0,
    "pct2ResTime" : 490.94999999999993,
    "pct3ResTime" : 1084.0,
    "throughput" : 64.19000240712509,
    "receivedKBytesPerSec" : 57.771315594158715,
    "sentKBytesPerSec" : 10.531172269918962
  },
  "updateBookingByPatch" : {
    "transaction" : "updateBookingByPatch",
    "sampleCount" : 400,
    "errorCount" : 0,
    "errorPct" : 0.0,
    "meanResTime" : 434.88000000000005,
    "medianResTime" : 372.0,
    "minResTime" : 304.0,
    "maxResTime" : 1367.0,
    "pct1ResTime" : 556.7,
    "pct2ResTime" : 811.8999999999997,
    "pct3ResTime" : 1248.88,
    "throughput" : 34.84017071683651,
    "receivedKBytesPerSec" : 31.418076604825362,
    "sentKBytesPerSec" : 11.568025433324623
  },
  "createBooking" : {
    "transaction" : "createBooking",
    "sampleCount" : 400,
    "errorCount" : 0,
    "errorPct" : 0.0,
    "meanResTime" : 409.01000000000005,
    "medianResTime" : 349.0,
    "minResTime" : 297.0,
    "maxResTime" : 1422.0,
    "pct1ResTime" : 522.0,
    "pct2ResTime" : 661.8,
    "pct3ResTime" : 1342.7900000000002,
    "throughput" : 35.02013657853266,
    "receivedKBytesPerSec" : 32.44731931798284,
    "sentKBytesPerSec" : 16.007348756785152
  }
}