{
  "updateBooking" : {
    "transaction" : "updateBooking",
    "sampleCount" : 3000,
    "errorCount" : 1455,
    "errorPct" : 48.5,
    "meanResTime" : 228.64299999999963,
    "medianResTime" : 280.0,
    "minResTime" : 0.0,
    "maxResTime" : 29025.0,
    "pct1ResTime" : 334.0,
    "pct2ResTime" : 352.0,
    "pct3ResTime" : 655.9799999999996,
    "throughput" : 10.144319857167977,
    "receivedKBytesPerSec" : 15.015749717015742,
    "sentKBytesPerSec" : 2.621405185903115
  },
  "auth" : {
    "transaction" : "auth",
    "sampleCount" : 3000,
    "errorCount" : 1191,
    "errorPct" : 39.7,
    "meanResTime" : 62727.65833333334,
    "medianResTime" : 76104.0,
    "minResTime" : 3608.0,
    "maxResTime" : 295904.0,
    "pct1ResTime" : 85746.9,
    "pct2ResTime" : 106725.04999999997,
    "pct3ResTime" : 149604.62999999983,
    "throughput" : 10.008240117696904,
    "receivedKBytesPerSec" : 15.948700758416097,
    "sentKBytesPerSec" : 1.4733810524832112
  },
  "Total" : {
    "transaction" : "Total",
    "sampleCount" : 18000,
    "errorCount" : 8363,
    "errorPct" : 46.461113,
    "meanResTime" : 10756.335777777787,
    "medianResTime" : 306.0,
    "minResTime" : 0.0,
    "maxResTime" : 295904.0,
    "pct1ResTime" : 53211.49999999995,
    "pct2ResTime" : 84839.9,
    "pct3ResTime" : 100278.35000000011,
    "throughput" : 59.66508001750176,
    "receivedKBytesPerSec" : 89.67350771005422,
    "sentKBytesPerSec" : 9.884443708068707
  },
  "getBooking" : {
    "transaction" : "getBooking",
    "sampleCount" : 6000,
    "errorCount" : 2848,
    "errorPct" : 47.466667,
    "meanResTime" : 219.94149999999976,
    "medianResTime" : 278.0,
    "minResTime" : 0.0,
    "maxResTime" : 29275.0,
    "pct1ResTime" : 330.0,
    "pct2ResTime" : 352.0,
    "pct3ResTime" : 1222.9599999999991,
    "throughput" : 20.226946337911365,
    "receivedKBytesPerSec" : 29.978662020157834,
    "sentKBytesPerSec" : 1.7433099374987358
  },
  "updateBookingByPatch" : {
    "transaction" : "updateBookingByPatch",
    "sampleCount" : 3000,
    "errorCount" : 1456,
    "errorPct" : 48.533333,
    "meanResTime" : 208.3070000000004,
    "medianResTime" : 280.0,
    "minResTime" : 0.0,
    "maxResTime" : 29026.0,
    "pct1ResTime" : 336.0,
    "pct2ResTime" : 354.0,
    "pct3ResTime" : 955.5299999999461,
    "throughput" : 10.14579507523107,
    "receivedKBytesPerSec" : 15.031411540080962,
    "sentKBytesPerSec" : 1.7670427955977395
  },
  "createBooking" : {
    "transaction" : "createBooking",
    "sampleCount" : 3000,
    "errorCount" : 1413,
    "errorPct" : 47.1,
    "meanResTime" : 933.5233333333341,
    "medianResTime" : 305.0,
    "minResTime" : 0.0,
    "maxResTime" : 67666.0,
    "pct1ResTime" : 880.0,
    "pct2ResTime" : 1266.0999999999967,
    "pct3ResTime" : 25077.659999999993,
    "throughput" : 10.139588332713691,
    "receivedKBytesPerSec" : 15.190591914312028,
    "sentKBytesPerSec" : 2.452004628299591
  }
}