{
  "updateBooking" : {
    "transaction" : "updateBooking",
    "sampleCount" : 200,
    "errorCount" : 0,
    "errorPct" : 0.0,
    "meanResTime" : 332.435,
    "medianResTime" : 325.0,
    "minResTime" : 300.0,
    "maxResTime" : 876.0,
    "pct1ResTime" : 354.9,
    "pct2ResTime" : 361.79999999999995,
    "pct3ResTime" : 398.97,
    "throughput" : 20.807324178110694,
    "receivedKBytesPerSec" : 18.737564372659175,
    "sentKBytesPerSec" : 10.241104868913858
  },
  "auth" : {
    "transaction" : "auth",
    "sampleCount" : 200,
    "errorCount" : 0,
    "errorPct" : 0.0,
    "meanResTime" : 1385.6050000000005,
    "medianResTime" : 1308.5,
    "minResTime" : 1219.0,
    "maxResTime" : 4144.0,
    "pct1ResTime" : 1408.6,
    "pct2ResTime" : 1510.8499999999995,
    "pct3ResTime" : 3982.4000000000005,
    "throughput" : 18.33348611238427,
    "receivedKBytesPerSec" : 13.9098164359703,
    "sentKBytesPerSec" : 4.475948757906315
  },
  "Total" : {
    "transaction" : "Total",
    "sampleCount" : 1200,
    "errorCount" : 0,
    "errorPct" : 0.0,
    "meanResTime" : 503.9458333333327,
    "medianResTime" : 327.0,
    "minResTime" : 296.0,
    "maxResTime" : 4144.0,
    "pct1ResTime" : 1296.9,
    "pct2ResTime" : 1334.0,
    "pct3ResTime" : 1464.8000000000002,
    "throughput" : 95.03444998812068,
    "receivedKBytesPerSec" : 83.81685822047992,
    "sentKBytesPerSec" : 29.358901065177793
  },
  "getBooking" : {
    "transaction" : "getBooking",
    "sampleCount" : 400,
    "errorCount" : 0,
    "errorPct" : 0.0,
    "meanResTime" : 325.4125,
    "medianResTime" : 322.0,
    "minResTime" : 298.0,
    "maxResTime" : 402.0,
    "pct1ResTime" : 347.90000000000003,
    "pct2ResTime" : 354.0,
    "pct3ResTime" : 382.99,
    "throughput" : 37.60458775970668,
    "receivedKBytesPerSec" : 33.88232114317947,
    "sentKBytesPerSec" : 6.169502679326878
  },
  "updateBookingByPatch" : {
    "transaction" : "updateBookingByPatch",
    "sampleCount" : 200,
    "errorCount" : 0,
    "errorPct" : 0.0,
    "meanResTime" : 330.7899999999999,
    "medianResTime" : 326.5,
    "minResTime" : 300.0,
    "maxResTime" : 399.0,
    "pct1ResTime" : 354.9,
    "pct2ResTime" : 361.84999999999997,
    "pct3ResTime" : 381.8900000000001,
    "throughput" : 20.935831675913327,
    "receivedKBytesPerSec" : 18.890499057887574,
    "sentKBytesPerSec" : 6.951350361143096
  },
  "createBooking" : {
    "transaction" : "createBooking",
    "sampleCount" : 200,
    "errorCount" : 0,
    "errorPct" : 0.0,
    "meanResTime" : 324.02000000000015,
    "medianResTime" : 319.0,
    "minResTime" : 296.0,
    "maxResTime" : 396.0,
    "pct1ResTime" : 352.9,
    "pct2ResTime" : 356.0,
    "pct3ResTime" : 384.99,
    "throughput" : 20.948989211270558,
    "receivedKBytesPerSec" : 19.444917251492615,
    "sentKBytesPerSec" : 9.575570205300094
  }
}