{
  "updateBooking" : {
    "transaction" : "updateBooking",
    "sampleCount" : 800,
    "errorCount" : 1,
    "errorPct" : 0.125,
    "meanResTime" : 640.5912500000012,
    "medianResTime" : 431.5,
    "minResTime" : 271.0,
    "maxResTime" : 5837.0,
    "pct1ResTime" : 1132.0,
    "pct2ResTime" : 1405.8499999999972,
    "pct3ResTime" : 2254.370000000001,
    "throughput" : 17.28459078731311,
    "receivedKBytesPerSec" : 15.599237688780141,
    "sentKBytesPerSec" : 8.506943037820845
  },
  "auth" : {
    "transaction" : "auth",
    "sampleCount" : 800,
    "errorCount" : 1,
    "errorPct" : 0.125,
    "meanResTime" : 8778.648750000002,
    "medianResTime" : 7702.0,
    "minResTime" : 1195.0,
    "maxResTime" : 46649.0,
    "pct1ResTime" : 16311.5,
    "pct2ResTime" : 18497.349999999984,
    "pct3ResTime" : 31264.160000000007,
    "throughput" : 16.740254033354958,
    "receivedKBytesPerSec" : 12.762502386794031,
    "sentKBytesPerSec" : 4.081867362259097
  },
  "Total" : {
    "transaction" : "Total",
    "sampleCount" : 4800,
    "errorCount" : 3,
    "errorPct" : 0.0625,
    "meanResTime" : 1917.0172916666702,
    "medianResTime" : 458.0,
    "minResTime" : 265.0,
    "maxResTime" : 46649.0,
    "pct1ResTime" : 6275.500000000003,
    "pct2ResTime" : 10719.399999999987,
    "pct3ResTime" : 17723.719999999994,
    "throughput" : 97.56692481248857,
    "receivedKBytesPerSec" : 86.25609316879077,
    "sentKBytesPerSec" : 30.13569806085737
  },
  "getBooking" : {
    "transaction" : "getBooking",
    "sampleCount" : 1600,
    "errorCount" : 0,
    "errorPct" : 0.0,
    "meanResTime" : 478.538125,
    "medianResTime" : 381.0,
    "minResTime" : 266.0,
    "maxResTime" : 7275.0,
    "pct1ResTime" : 720.9000000000001,
    "pct2ResTime" : 800.9499999999998,
    "pct3ResTime" : 1577.7000000000003,
    "throughput" : 33.94433129667346,
    "receivedKBytesPerSec" : 30.646050291974284,
    "sentKBytesPerSec" : 5.5689918533604885
  },
  "updateBookingByPatch" : {
    "transaction" : "updateBookingByPatch",
    "sampleCount" : 800,
    "errorCount" : 1,
    "errorPct" : 0.125,
    "meanResTime" : 628.6800000000002,
    "medianResTime" : 438.5,
    "minResTime" : 272.0,
    "maxResTime" : 4787.0,
    "pct1ResTime" : 1154.9,
    "pct2ResTime" : 1243.6499999999996,
    "pct3ResTime" : 1582.94,
    "throughput" : 17.356967737736216,
    "receivedKBytesPerSec" : 15.695533869139311,
    "sentKBytesPerSec" : 5.762737878598859
  },
  "createBooking" : {
    "transaction" : "createBooking",
    "sampleCount" : 800,
    "errorCount" : 0,
    "errorPct" : 0.0,
    "meanResTime" : 497.10750000000013,
    "medianResTime" : 378.0,
    "minResTime" : 265.0,
    "maxResTime" : 4373.0,
    "pct1ResTime" : 720.3999999999999,
    "pct2ResTime" : 1065.5499999999993,
    "pct3ResTime" : 1753.8700000000001,
    "throughput" : 17.28123042360616,
    "receivedKBytesPerSec" : 16.06470943231158,
    "sentKBytesPerSec" : 7.8990749141338865
  }
}